entry_ts,exit_ts,direction,entry_price,exit_price,qty_btc,pnl_usd,fees_usd,net_pnl_usd
2026-03-19 09:30:00,2026-03-19 10:00:00,-1,70452.4,70424.5,2.5549165110060124e-05,0.0007128217065705287,0.0017996435891467146,-0.0010868218825761857
2026-03-19 12:30:00,2026-03-19 12:45:00,-1,69644.6,69286.4,2.3311174073631927e-05,0.008350062553175228,0.0016193223626118788,0.006730740190563349
2026-03-19 13:00:00,2026-03-19 13:30:00,1,69100.7,69711.8,2.606364197895879e-05,0.01592749161334187,0.0018089796511021087,0.01411851196223976
2026-03-19 13:45:00,2026-03-19 14:00:00,-1,69895.6,69507.4,2.5803587599915312e-05,0.010016952706287425,0.0017985487610954972,0.008218403945191927
2026-03-19 14:15:00,2026-03-19 14:45:00,1,69163.0,69488.5,2.6098297502404103e-05,0.008494995837032535,0.0018092840480772915,0.006685711788955244
2026-03-19 15:00:00,2026-03-19 15:15:00,-1,69698.1,69206.1,2.5915196802793576e-05,0.01275027682697444,0.0017998648398673,0.01095041198710714
2026-03-19 15:30:00,2026-03-19 15:45:00,1,68900.2,69410.4,2.624391587308116e-05,0.013389645878445933,0.0018149058753776895,0.011574740003068244
2026-03-19 16:15:00,2026-03-19 16:30:00,-1,69535.0,69522.1,2.6034292164219726e-05,0.00033584236891828295,0.0018101265844545596,-0.0014742842155362767
2026-03-19 17:00:00,2026-03-19 17:15:00,1,69227.6,69653.5,2.6146062184449874e-05,0.01113560788435705,0.0018155969384224008,0.009320010945934648
2026-03-19 17:30:00,2026-03-19 17:45:00,1,69588.1,69844.4,2.3608222505683205e-05,0.006050787428206331,0.0016458767422618367,0.004404910685944494
2026-03-19 18:45:00,2026-03-19 19:00:00,1,69822.9,70366.0,2.595852679241281e-05,0.014098075900959548,0.0018195486583244401,0.012278527242635107
2026-03-19 19:15:00,2026-03-19 19:30:00,1,70281.4,70450.7,2.5820626158238663e-05,0.00437143200858988,0.0018168954712819297,0.0025545365373079503
2026-03-19 19:45:00,2026-03-19 20:00:00,1,70263.5,70280.4,2.583374827405908e-05,0.00043659034583144805,0.0018153878670272659,-0.0013787975211958178
2026-03-19 23:30:00,2026-03-19 23:45:00,1,69845.7,69919.6,2.598472616496842e-05,0.0019202712635913932,0.0018158815239323306,0.0001043897396590626
2026-03-20 07:45:00,2026-03-20 08:00:00,1,70846.1,71272.7,2.5618067592339923e-05,0.010928667634891987,0.0018204045122711197,0.009108263122620868
2026-03-20 09:45:00,2026-03-20 10:00:00,-1,70580.9,70369.9,2.3576452164078653e-05,0.004974631406620596,0.0016615598968443086,0.003313071509776287
2026-03-20 13:30:00,2026-03-20 13:45:00,-1,70312.5,69869.0,2.5844281154666736e-05,0.011461938692094697,0.0018114450493414576,0.009650493642753239
2026-03-20 14:00:00,2026-03-20 14:15:00,1,69810.2,69936.0,2.4700654485557886e-05,0.0031073423342832538,0.0017259113009348349,0.0013814310333484189
2026-03-20 15:15:00,2026-03-20 15:30:00,1,69821.2,69908.6,2.605457604752143e-05,0.0022771699465536,0.00182030035010248,0.0004568695964511202
2026-03-20 15:45:00,2026-03-20 16:00:00,1,69860.2,69996.4,2.2720533180831774e-05,0.0030945366192292214,0.0015888082604291584,0.001505728358800063
2026-03-20 18:00:00,2026-03-20 18:15:00,-1,69973.1,69660.3,2.2607685107350597e-05,0.0070716839015793325,0.0015783939688343645,0.005493289932744968
2026-03-20 22:00:00,2026-03-20 22:15:00,-1,70804.3,70687.6,2.3571093995471168e-05,0.0027507466692714166,0.0016675594372489036,0.001083187232022513
2026-03-20 22:45:00,2026-03-20 23:00:00,-1,70774.9,70529.5,2.5725204820505674e-05,0.006312965262951943,0.001817542316019331,0.004495422946932611
2026-03-21 16:15:00,2026-03-21 16:30:00,1,70409.5,70371.6,2.2618012273755877e-05,-0.0008572226651752161,0.001592094323856427,-0.002449316989031643
2026-03-21 23:30:00,2026-03-21 23:45:00,-1,70163.9,68919.5,2.595447370689528e-05,0.032297747080860334,0.0018049182241827993,0.030492828856677534
2026-03-21 23:45:00,2026-03-22 00:00:00,-1,68919.5,68694.2,2.650274315567338e-05,0.005971068032973289,0.001823570272900945,0.0041474977600723445
2026-03-22 00:00:00,2026-03-22 00:30:00,1,68694.2,69064.9,2.660053332762074e-05,0.00986081770454893,0.001832232765366519,0.00802858493918241
2026-03-22 00:30:00,2026-03-22 00:45:00,-1,69064.9,68954.6,2.647868167192449e-05,0.002920598588412963,0.001827287202509091,0.0010933113859038718
2026-03-22 01:30:00,2026-03-22 01:45:00,1,68842.4,68961.2,2.604284386861493e-05,0.0030938898515915293,0.0017943988196665321,0.0012994910319249972
2026-03-22 02:00:00,2026-03-22 02:15:00,1,69061.2,69350.4,2.4001126782361545e-05,0.006941125865458889,0.0016610171798747567,0.005280108685584132
2026-03-22 02:15:00,2026-03-22 02:30:00,-1,69350.4,69239.2,2.6389590049976816e-05,0.0029345224135573452,0.0018286613645951335,0.0011058610489622118
2026-03-22 03:00:00,2026-03-22 03:15:00,1,69310.7,69447.4,2.640757748501639e-05,0.0036099158422016634,0.0018321326387118263,0.0017777832034898372
2026-03-22 04:15:00,2026-03-22 04:30:00,1,69262.1,69342.9,2.576496942987767e-05,0.002081809529933816,0.0017855767939140975,0.0002962327360197185
2026-03-22 09:45:00,2026-03-22 10:00:00,-1,68828.0,68742.4,2.5731623915671997e-05,0.0022026270071816728,0.0017699548973642814,0.00043267210981739134
2026-03-22 11:45:00,2026-03-22 12:00:00,1,68229.3,68316.4,2.663097589578013e-05,0.0023195580005222166,0.0018181726226862123,0.0005013853778360043
2026-03-22 18:30:00,2026-03-22 18:45:00,1,68472.4,68614.1,2.4953078214592256e-05,0.0035358511830080133,0.0017103650783323507,0.0018254861046756625
2026-03-22 21:00:00,2026-03-22 21:30:00,1,67779.6,67868.5,2.7016944943706602e-05,0.0024018064054953598,0.001832398624709204,0.0005694077807861559
2026-03-22 22:45:00,2026-03-22 23:00:00,-1,68330.3,68326.2,2.5659256730351617e-05,0.00010520295259459099,0.0017532521086856478,-0.0016480491560910567
2026-03-23 00:00:00,2026-03-23 00:15:00,1,67956.9,67987.8,2.517907037617432e-05,0.0007780332746240064,0.0017114805842839526,-0.0009334473096599462
2026-03-23 00:30:00,2026-03-23 01:00:00,1,67686.8,67838.1,2.432647924323565e-05,0.0036805963095016244,0.0016484218333957937,0.0020321744761058304
2026-03-23 01:45:00,2026-03-23 02:15:00,1,67903.7,68271.2,2.4763254017931408e-05,0.009100495851589792,0.001686066819783204,0.007414429031806588
2026-03-23 05:00:00,2026-03-23 05:15:00,-1,68764.7,68691.6,2.5504548856435187e-05,0.0018643825214051894,0.001752880459487406,0.00011150206191778327
2026-03-23 06:15:00,2026-03-23 06:30:00,-1,68562.7,67817.8,2.3323096433644646e-05,0.017373374533421762,0.0015904077765843368,0.015782966756837425
2026-03-23 06:30:00,2026-03-23 07:00:00,1,67817.8,67946.8,2.7063646101200022e-05,0.003491210347054803,0.0018371425437354906,0.0016540678033193125
2026-03-23 07:15:00,2026-03-23 07:30:00,1,67811.1,68329.1,2.7070710706161087e-05,0.014022628145791444,0.0018427059848394561,0.012179922160951987
2026-03-23 07:30:00,2026-03-23 07:45:00,-1,68329.1,68333.2,2.6281433095338243e-05,-0.00010775387569065733,0.001795840547052522,-0.0019035944227431792
2026-03-23 08:00:00,2026-03-23 08:15:00,-1,68647.0,68474.0,2.676802205135604e-05,0.004630867814884595,0.0018352289758519957,0.002795638839032599
2026-03-23 09:30:00,2026-03-23 09:45:00,1,68137.9,68333.9,2.697540758888172e-05,0.005287179887420818,0.001840691214694174,0.0034464886727266436
2026-03-23 10:15:00,2026-03-23 11:00:00,1,68459.6,70954.0,2.6857708673605374e-05,0.06699386851544109,0.0018721649269692754,0.06512170358847182
2026-03-23 11:00:00,2026-03-23 11:45:00,-1,70954.0,70114.9,2.6078725644184677e-05,0.021882658688035513,0.0018394485700134618,0.020043210118022053
2026-03-23 11:45:00,2026-03-23 12:00:00,-1,70114.9,70003.1,2.644227799196353e-05,0.002956246679501215,0.001852519553838973,0.001103727125662242
2026-03-23 12:00:00,2026-03-23 12:15:00,1,70003.1,70349.5,2.6487346246971096e-05,0.009175216739950634,0.001858783956431318,0.007316432783519316
2026-03-23 12:15:00,2026-03-23 12:30:00,1,70349.5,70714.3,2.6375643124149795e-05,0.009621834611689922,0.0018603242232682212,0.0077615103884217
2026-03-23 12:30:00,2026-03-23 12:45:00,-1,70714.3,70746.5,2.2770005489051065e-05,-0.000733194176747378,0.0016105315962427775,-0.0023437257729901555
2026-03-23 13:00:00,2026-03-23 13:30:00,1,70749.8,71230.7,2.6240194420240818e-05,0.012618909496693656,0.0018627979619415007,0.010756111534752155
2026-03-23 13:30:00,2026-03-23 13:45:00,1,71230.7,71481.2,2.6090219628185727e-05,0.006535600016860525,0.0018616924072778391,0.004673907609582686
2026-03-23 14:00:00,2026-03-23 14:15:00,-1,71515.9,71352.5,2.5576296594614852e-05,0.004179166863559918,0.0018270222861990362,0.0023521445773608818
2026-03-23 14:30:00,2026-03-23 14:45:00,1,71390.0,71456.4,2.6049717000463072e-05,0.0017297012088305964,0.001860554147267474,-0.00013085293843687756
2026-03-23 15:00:00,2026-03-23 15:15:00,-1,71366.3,70900.2,2.6058037801233074e-05,0.012145651419154888,0.0018535929174245628,0.010292058501730325
2026-03-23 15:15:00,2026-03-23 15:45:00,-1,70900.2,70131.5,2.6255473378981327e-05,0.02018258238642287,0.0018514270224712405,0.01833115536395163
2026-03-23 15:45:00,2026-03-23 16:00:00,1,70131.5,70526.2,2.6590304237467658e-05,0.010495193082528408,0.0018700655181712272,0.00862512756435718
2026-03-23 16:00:00,2026-03-23 16:15:00,-1,70526.2,70217.5,2.6463504975336076e-05,0.008169283985886169,0.001862285802598604,0.006306998183287565
2026-03-23 16:15:00,2026-03-23 16:30:00,1,70217.5,70463.2,2.6596015299099784e-05,0.0065346409589887395,0.0018707730247440333,0.004663867934244706
2026-03-23 17:15:00,2026-03-23 17:30:00,1,70537.2,70882.2,2.648737404508122e-05,0.00913814404555302,0.0018729142725154796,0.007265229773037541
2026-03-23 17:45:00,2026-03-23 18:15:00,-1,71084.1,70880.4,2.6301985139459454e-05,0.005357714372908197,0.001866974084665396,0.003490740288242801
2026-03-23 18:15:00,2026-03-23 18:30:00,1,70880.4,71045.9,2.6054093471653738e-05,0.004311952469558694,0.001848880543142985,0.0024630719264157087
2026-03-23 22:45:00,2026-03-23 23:00:00,-1,70784.7,70554.6,2.6428375454730872e-05,0.006081169192133343,0.0018676840434544216,0.004213485148678921
2026-03-23 23:45:00,2026-03-24 00:00:00,-1,70903.0,70782.3,2.3278647801121454e-05,0.0028097327895952916,0.001649121098648117,0.0011606116909471747
2026-03-24 01:30:00,2026-03-24 01:45:00,1,70384.3,70508.2,2.5495408272350225e-05,0.0031588810849440445,0.001796055905006052,0.0013628251799379925
2026-03-24 07:15:00,2026-03-24 07:30:00,1,70922.7,70909.1,2.291165539183782e-05,-0.0003115985133287943,0.0016248006626020319,-0.0019363991759308262
2026-03-24 14:00:00,2026-03-24 14:15:00,1,69868.4,70011.0,2.678734194803863e-05,0.0038198749617904646,0.0018734986596432373,0.0019463763021472273
2026-03-24 14:30:00,2026-03-24 14:45:00,1,69842.1,69870.9,2.5602345832811495e-05,0.000737347559984673,0.0017884902716697963,-0.0010511427116851233
2026-03-24 15:15:00,2026-03-24 15:30:00,1,70027.4,70055.2,2.5101502862760298e-05,0.0006978217795848093,0.001758141892461453,-0.0010603201128766438
2026-03-24 15:45:00,2026-03-24 16:00:00,1,69874.0,69915.5,2.6784769822656606e-05,0.0011115679476402492,0.001872114790562128,-0.0007605468429218787
2026-03-24 17:00:00,2026-03-24 17:15:00,1,69233.1,69172.4,2.680055353251539e-05,-0.0016267935994239962,0.0018546720059722794,-0.0034814656053962756
2026-03-24 17:15:00,2026-03-24 17:30:00,-1,69172.4,68936.4,2.4284035207120788e-05,0.005731032308880506,0.0016769194808066016,0.004054112828073904
2026-03-24 17:30:00,2026-03-24 17:45:00,1,68936.4,69238.0,2.714857730686058e-05,0.008188010915749309,0.001875619190114538,0.006312391725634771
2026-03-24 21:15:00,2026-03-24 21:30:00,1,70057.9,70278.8,2.3806959993654895e-05,0.005258957462598574,0.0016704951012707742,0.0035884623613278
2026-03-24 22:00:00,2026-03-24 22:15:00,-1,70542.3,70225.5,2.6555801815255764e-05,0.008412878015073103,0.0018691008993847805,0.006543777115688322
2026-03-24 23:15:00,2026-03-24 23:30:00,-1,70735.6,70663.8,2.493701397361636e-05,0.0017904776033057272,0.001763039406830485,2.743819647524218e-05
2026-03-25 00:30:00,2026-03-25 00:45:00,-1,70929.0,70833.3,2.6427697516509554e-05,0.0025291306523298872,0.0018732255918223414,0.0006559050605075458
2026-03-25 15:00:00,2026-03-25 15:15:00,1,70823.2,71015.0,2.6468843826025904e-05,0.005076724245831846,0.0018771465821823138,0.003199577663649532
2026-03-25 15:30:00,2026-03-25 16:00:00,1,70882.1,70876.0,2.470038428909919e-05,-0.00015067234416364883,0.0017507397730462762,-0.001901412117209925
2026-03-25 16:30:00,2026-03-25 17:00:00,-1,71466.3,71147.5,2.6233929696342986e-05,0.00836337678719422,0.0018706602014641597,0.006492716585730061
2026-03-25 20:15:00,2026-03-25 20:30:00,1,70716.9,70942.6,2.360257113146249e-05,0.005327100304371358,0.0016717642125987054,0.003655336091772653
2026-03-26 05:45:00,2026-03-26 06:00:00,1,70014.5,70066.4,2.3457286407183227e-05,0.001217433164532673,0.0016429588957379965,-0.00042552573120532345
2026-03-26 09:45:00,2026-03-26 10:00:00,-1,69583.6,69579.1,2.5081732166481827e-05,0.00011286779474916822,0.0017452207844822305,-0.0016323529897330623
2026-03-26 11:15:00,2026-03-26 11:30:00,1,69321.4,69401.1,2.7066650719257525e-05,0.0021572120623251398,0.001877376727201101,0.00027983533512403874
2026-03-26 14:45:00,2026-03-26 15:00:00,-1,69485.3,68957.0,2.5431056932321336e-05,0.013435227377345435,0.001760367006570755,0.01167486037077468
2026-03-26 15:00:00,2026-03-26 15:45:00,1,68957.0,69082.4,2.724088876251868e-05,0.0034160074508196837,0.0018801579701224105,0.0015358494806972732
2026-03-26 19:15:00,2026-03-26 19:30:00,1,68428.8,68628.6,2.616458806112424e-05,0.005227684694612699,0.0017930252058643648,0.003434659488748334
2026-03-26 19:45:00,2026-03-26 20:00:00,1,68524.3,69191.4,2.7053946116900085e-05,0.01804768745458381,0.0018628765636255883,0.016184810890958225
2026-03-26 20:00:00,2026-03-26 20:15:00,-1,69191.4,69160.1,2.657397656927855e-05,0.0008317654666181092,0.0018382747596622706,-0.0010065092930441615
2026-03-26 21:00:00,2026-03-26 21:15:00,1,68906.6,69085.9,2.7313446785926534e-05,0.0048973010087163095,0.0018845254028034837,0.0030127756059128256
2026-03-27 04:00:00,2026-03-27 04:15:00,1,68401.2,68531.5,2.6224101825558054e-05,0.003417000467870291,0.0017954685340242967,0.0016215319338459943
2026-03-27 08:30:00,2026-03-27 08:45:00,1,67832.4,67927.7,2.775828258555325e-05,0.0026453643304033053,0.0018842336098214836,0.0007611307205818217
2026-03-27 09:00:00,2026-03-27 09:15:00,1,67751.3,67932.8,2.503420387007491e-05,0.004543708002418596,0.0016983717106638157,0.0028453362917547805
2026-03-27 09:15:00,2026-03-27 09:30:00,-1,67932.8,67727.4,2.7726813729428236e-05,0.0056950875400248015,0.00188071254794849,0.0038143749920763114
2026-03-27 09:45:00,2026-03-27 10:00:00,-1,67692.6,67674.1,2.6759178007704028e-05,0.0004950447931425246,0.0018111508108077346,-0.00131610601766521
2026-03-27 10:15:00,2026-03-27 10:30:00,-1,67771.4,66908.7,2.7799481494168585e-05,0.023982612685019156,0.0018720184737913872,0.02211059421122777
2026-03-27 10:30:00,2026-03-27 10:45:00,-1,66908.7,66495.1,2.8217402028314967e-05,0.011670717478910825,0.001882154328352462,0.009788563150558363
2026-03-27 10:45:00,2026-03-27 11:15:00,1,66495.1,66716.3,2.8419411783109096e-05,0.006286373886423649,0.00189289481540223,0.004393479071021419
2026-03-27 11:15:00,2026-03-27 11:30:00,-1,66716.3,66766.0,2.5324210637980806e-05,-0.0012586132687075723,0.0016901669408210726,-0.002948780209528645
2026-03-27 13:00:00,2026-03-27 13:15:00,1,66538.1,66697.6,2.490111715336231e-05,0.003971728185961288,0.0016588588873551174,0.0023128692986061706
2026-03-27 13:15:00,2026-03-27 13:45:00,-1,66697.6,66182.2,2.542304245889139e-05,0.013103036083312845,0.0016891043986644982,0.011413931684648347
2026-03-27 13:45:00,2026-03-27 14:00:00,1,66182.2,66366.7,2.6744006942314013e-05,0.004934269280856936,0.0017724443508980428,0.0031618249299588926
2026-03-27 14:00:00,2026-03-27 14:15:00,-1,66366.7,65735.9,2.8524118675758555e-05,0.01799301406066858,0.001884055119888131,0.01610895894078045
2026-03-27 14:15:00,2026-03-27 14:45:00,1,65735.9,66210.1,2.8841945413812023e-05,0.013676850515229997,0.0019027896647854205,0.011774060850444575
2026-03-27 15:15:00,2026-03-27 15:30:00,1,66335.3,66397.7,2.86132808697765e-05,0.001785468726273887,0.0018989633048440222,-0.00011349457857013517
2026-03-27 15:45:00,2026-03-27 16:15:00,1,66107.1,65954.1,2.8711744146343473e-05,-0.004392896854390552,0.0018958536930295477,-0.0062887505474201
2026-03-27 17:00:00,2026-03-27 17:15:00,-1,66201.1,65863.7,2.8653876844315382e-05,0.00966781804727226,0.0018920842573345712,0.00777573378993769
2026-03-27 17:30:00,2026-03-27 17:45:00,1,65628.4,65633.5,2.579405074735515e-05,0.0001315496588116614,0.0016928880548971285,-0.0015613383960854672
2026-03-27 19:45:00,2026-03-27 20:00:00,-1,66052.2,66003.6,2.873540559631777e-05,0.0013965407119807928,0.0018973384871731104,-0.0005007977751923175
2026-03-28 22:15:00,2026-03-28 22:30:00,-1,66766.0,66707.8,2.7092753938812654e-05,0.0015767982792388175,0.0018080864103391463,-0.0002312881311003288
2026-03-28 22:45:00,2026-03-28 23:00:00,-1,66758.5,66403.2,2.842941321428684e-05,0.010100970515036197,0.0018928544968084499,0.008208116018227747
2026-03-28 23:45:00,2026-03-29 00:00:00,-1,66391.1,66417.3,2.497756220790162e-05,-0.0006544121298469498,0.0016586150363659409,-0.0023130271662128907
2026-03-29 03:15:00,2026-03-29 03:30:00,-1,66984.4,66924.6,2.465523693448433e-05,0.0014743831686818759,0.0016507790613299314,-0.0001763958926480555
2026-03-29 22:15:00,2026-03-29 22:30:00,-1,66388.1,65674.1,2.621892081977231e-05,0.018720309465317428,0.0017312641825424676,0.01698904528277496
2026-03-29 22:30:00,2026-03-29 23:00:00,1,65674.1,66097.2,2.8961072552947865e-05,0.012253429797151988,0.0019081190898481296,0.010345310707303858
2026-03-30 00:00:00,2026-03-30 00:15:00,1,65857.3,66582.9,2.8908785068274405e-05,0.020976214445539657,0.001914342638099638,0.01906187180744002
2026-03-30 00:15:00,2026-03-30 00:30:00,-1,66582.9,66333.9,2.864527780859962e-05,0.007132674174341305,0.0019037193307150369,0.005228954843626268
2026-03-30 00:30:00,2026-03-30 01:15:00,1,66333.9,66606.7,2.7079035716140324e-05,0.0073871609433631595,0.0017999516277625621,0.005587209315600597
2026-03-30 01:30:00,2026-03-30 02:00:00,1,66668.8,66846.1,2.8637572257950767e-05,0.005077441561334754,0.0019117712981315356,0.0031656702632032185
2026-03-30 02:15:00,2026-03-30 02:30:00,1,66745.3,67038.4,2.8613286598430818e-05,0.008386554301999824,0.0019139956751492444,0.006472558626850579
2026-03-30 03:00:00,2026-03-30 03:15:00,1,67003.6,67241.2,2.852036992864678e-05,0.006776439895046226,0.001914355678498601,0.0048620842165476245
2026-03-30 04:00:00,2026-03-30 04:15:00,-1,67423.4,67448.5,2.541727088662506e-05,-0.000637973499254437,0.001714037808646903,-0.00235201130790134
2026-03-30 09:45:00,2026-03-30 10:00:00,-1,67506.1,67441.7,2.8314763727642895e-05,0.0018234707840604496,0.0019105075362826041,-8.703675222215454e-05
2026-03-30 13:15:00,2026-03-30 13:30:00,-1,67881.1,67713.8,2.5109091749206593e-05,0.004200751049642336,0.0017023323924122468,0.0024984186572300894
2026-03-30 14:30:00,2026-03-30 14:45:00,1,67127.8,67813.1,2.848079812562807e-05,0.019517890955493,0.0019216122658952824,0.01759627868959772
2026-03-30 14:45:00,2026-03-30 15:00:00,-1,67813.1,67575.5,2.8239685998452554e-05,0.006709749393232491,0.0019116657758850469,0.004798083617347444
2026-03-30 15:30:00,2026-03-30 15:45:00,-1,67751.3,67627.6,2.610606375017495e-05,0.0032293200858965654,0.00176710509691428,0.0014622149889822855
2026-03-30 17:15:00,2026-03-30 17:30:00,1,66809.2,66962.3,2.8680892816121174e-05,0.004391044690148319,0.0019183430266758769,0.002472701663472442
2026-03-30 22:45:00,2026-03-30 23:00:00,-1,66785.7,66552.0,2.8697649206794687e-05,0.006706640619627835,0.001913239270320414,0.004793401349307421
2026-03-31 01:15:00,2026-03-31 01:30:00,1,67776.2,67948.1,2.8290984193169625e-05,0.004863220182806106,0.001919887012964506,0.0029433331698416
2026-03-31 06:30:00,2026-03-31 06:45:00,1,67419.4,67502.2,2.6328344374768325e-05,0.0021799869142308938,0.0017761311741973712,0.0004038557400335226
2026-03-31 09:15:00,2026-03-31 09:30:00,1,66436.6,66503.6,2.8870500550553168e-05,0.0019343235368870623,0.0019190250586453243,1.5298478241738056e-05
2026-03-31 09:30:00,2026-03-31 09:45:00,-1,66503.6,66124.0,2.7193125132474378e-05,0.010322510300287432,0.0018032794614098796,0.008519230838877553
2026-03-31 09:45:00,2026-03-31 10:00:00,1,66124.0,66388.2,2.9030217654013104e-05,0.007669783504190178,0.0019234290039060577,0.00574635450028412
2026-03-31 10:00:00,2026-03-31 10:15:00,-1,66388.2,66390.4,2.790358117328581e-05,-6.138787858114757e-05,0.0018524992215876238,-0.0019138871001687712
2026-03-31 14:15:00,2026-03-31 14:30:00,-1,67741.3,67223.0,2.8347314803317665e-05,0.014692413262559628,0.001912937749654703,0.012779475512904925
2026-03-31 14:30:00,2026-03-31 14:45:00,-1,67223.0,66598.2,2.8600096126003093e-05,0.017869340059526815,0.0019136495918485425,0.015955690467678273
2026-03-31 14:45:00,2026-03-31 15:00:00,1,66598.2,67255.5,2.891153644036157e-05,0.019003552902249744,0.001934958062613613,0.01706859483963613
2026-03-31 15:00:00,2026-03-31 15:15:00,-1,67255.5,66950.9,2.8674660559115944e-05,0.008734301606306883,0.0019241614824304692,0.006810140123876414
2026-03-31 15:45:00,2026-03-31 16:00:00,1,66732.2,66943.9,2.8917890590388455e-05,0.006121917437985152,0.001932815417174913,0.004189102020810239
2026-03-31 16:15:00,2026-03-31 16:30:00,1,67098.1,67777.5,2.8771433122840524e-05,0.019547311663657686,0.001940282152651495,0.017607029511006192
2026-03-31 16:45:00,2026-03-31 17:00:00,1,67666.4,68458.7,2.857663126945792e-05,0.022641264954791594,0.001944998394609043,0.02069626656018255
2026-03-31 17:00:00,2026-03-31 17:15:00,-1,68458.7,68040.3,2.830031961039985e-05,0.011840853724991132,0.0019314826632499847,0.009909371061741147
2026-03-31 17:15:00,2026-03-31 17:30:00,-1,68040.3,67713.8,2.8500561827381616e-05,0.009305433436640097,0.0019345340601852736,0.007370899376454824
2026-03-31 17:30:00,2026-03-31 17:45:00,-1,67713.8,67529.4,2.4887263119056996e-05,0.004589211319154327,0.0016829165517316246,0.002906294767422703
2026-03-31 17:45:00,2026-03-31 18:00:00,1,67529.4,67772.3,2.8743579416513276e-05,0.006981815440271326,0.001944527579569627,0.005037287860701699
2026-03-31 18:15:00,2026-03-31 19:00:00,1,67781.0,67998.0,2.8650261631790883e-05,0.006217106774098622,0.0019450519370514672,0.004272054837047155
2026-03-31 19:45:00,2026-03-31 20:00:00,1,67839.6,68152.8,2.715612541363487e-05,0.008505298479550363,0.0018465133348505997,0.006658785144699763
2026-03-31 20:00:00,2026-03-31 20:15:00,-1,68152.8,68005.7,2.689539013848371e-05,0.00395631188937111,0.001831017989085367,0.002125293900285743
2026-03-31 20:30:00,2026-03-31 20:45:00,1,68050.7,68270.7,2.4941933006921177e-05,0.005487225261522659,0.0017000596131048523,0.0037871656484178063
2026-04-01 14:45:00,2026-04-01 15:00:00,-1,68592.4,68493.8,2.8355549267555865e-05,0.002795857157780761,0.0019435772490010083,0.0008522799087797525
2026-04-01 15:15:00,2026-04-01 15:30:00,-1,68744.7,68760.2,2.447068076474731e-05,-0.0003792955518535833,0.001682419255744251,-0.002061714807597834
2026-04-01 19:00:00,2026-04-01 19:15:00,1,68061.0,68273.6,2.4807773405505713e-05,0.005274132626010659,0.0016910789320651297,0.0035830536939455296
2026-04-01 19:45:00,2026-04-01 20:00:00,1,68163.6,68083.8,2.5081286388709337e-05,-0.002001486653819078,0.0017086300295585184,-0.0037101166833775965
2026-04-01 20:15:00,2026-04-01 20:30:00,1,68054.0,68178.0,2.5361248140260625e-05,0.0031447947693923175,0.0017275067783219928,0.0014172879910703247
2026-04-02 01:00:00,2026-04-02 01:15:00,-1,68131.4,67590.2,2.8547625908148176e-05,0.01544997514148971,0.0019372647322276615,0.013512710409262049
2026-04-02 01:15:00,2026-04-02 01:30:00,-1,67590.2,67179.0,2.8812194780782925e-05,0.011847574493857855,0.001941498220425145,0.00990607627343271
2026-04-02 01:30:00,2026-04-02 01:45:00,1,67179.0,67360.9,2.9015095512009583e-05,0.005277845873634374,0.0019518440243381089,0.0033260018492962647
2026-04-02 01:45:00,2026-04-02 02:00:00,-1,67360.9,66866.5,2.8945631393496306e-05,0.014310720160944404,0.001942648421653693,0.012368071739290712
2026-04-02 02:15:00,2026-04-02 02:30:00,-1,66902.1,66693.5,2.9177410494547068e-05,0.0060864078291626884,0.001948986830732656,0.004137420998430032
2026-04-02 02:30:00,2026-04-02 02:45:00,1,66693.5,66866.4,2.927983642224437e-05,0.005062483717405882,0.001955306012285658,0.0031071777051202235
2026-04-02 02:45:00,2026-04-02 03:00:00,-1,66866.4,66764.0,2.9212490315223743e-05,0.0029913590082787413,0.0019518383829097373,0.001039520625369004
2026-04-02 03:15:00,2026-04-02 03:30:00,-1,66858.8,66609.5,2.9218609609003495e-05,0.007284199375524656,0.0019498790764386808,0.005334320299085976
2026-04-02 03:45:00,2026-04-02 04:00:00,-1,66584.0,66538.1,2.853532858309288e-05,0.0013097715819637972,0.0018993414325856747,-0.0005895698506218775
2026-04-02 06:30:00,2026-04-02 06:45:00,1,66549.8,66685.6,2.541412343441312e-05,0.0034512379623933757,0.001693030450716703,0.0017582075116766727
2026-04-02 09:45:00,2026-04-02 10:00:00,-1,66471.6,66263.8,2.9406418809826574e-05,0.006110653828682047,0.0019516363816449273,0.00415901744703712
2026-04-02 13:30:00,2026-04-02 13:45:00,1,65873.3,66275.9,2.9684869768172157e-05,0.01195112856866585,0.001961415895984068,0.009989712672681783
2026-04-02 14:15:00,2026-04-02 14:30:00,1,66253.3,67050.0,2.9541750825707065e-05,0.023535912882840734,0.0019690064364222383,0.021566906446418496
2026-04-02 14:30:00,2026-04-02 14:45:00,-1,67050.0,66868.4,2.9248628234767683e-05,0.005311550887433981,0.001958464747697456,0.003353086139736525
2026-04-02 14:45:00,2026-04-02 15:00:00,1,66868.4,66904.9,2.5441925450835237e-05,0.0009286302789554862,0.0017017251629561087,-0.0007730948840006226
2026-04-02 15:15:00,2026-04-02 15:30:00,1,66841.4,66941.1,2.576644639013325e-05,0.0025689147050965847,0.0017235498070940008,0.0008453648980025839
2026-04-03 01:45:00,2026-04-03 02:00:00,-1,66625.5,66508.4,2.6276011843721967e-05,0.0030769209868999952,0.0017491139666004482,0.001327807020299547
2026-04-04 20:00:00,2026-04-04 20:15:00,1,67225.1,67266.7,2.5195141997131418e-05,0.001048117907080447,0.0016942699992248999,-0.0006461520921444528
2026-04-04 23:30:00,2026-04-05 00:00:00,-1,67317.6,67256.4,2.557154914236596e-05,0.0015649788075130944,0.0017206328271423784,-0.00015565401962928395
2026-04-05 06:00:00,2026-04-05 06:15:00,1,66654.4,66757.6,2.943289216334377e-05,0.00303747447125742,0.0019633505046480096,0.0010741239666094103
2026-04-05 22:00:00,2026-04-05 22:15:00,-1,67533.6,67433.4,2.5858524742941857e-05,0.002591024179243075,0.0017450237544903166,0.0008460004247527585
2026-04-05 22:30:00,2026-04-05 22:45:00,1,67961.8,68337.3,2.887176899085701e-05,0.010841349256066807,0.0019675980644308596,0.008873751191635948
2026-04-05 22:45:00,2026-04-05 23:15:00,1,68337.3,68795.5,2.8736497710874156e-05,0.013167063251122454,0.001970358196642882,0.011196705054479571
2026-04-05 23:30:00,2026-04-06 00:00:00,1,68951.6,69214.1,2.8509709302280533e-05,0.00748379869184864,0.0019695319712730508,0.005514266720575589
2026-04-06 00:30:00,2026-04-06 01:00:00,-1,69315.2,68850.0,2.8374478324189074e-05,0.013199807316412675,0.001960182736278624,0.01123962458013405
2026-04-06 01:30:00,2026-04-06 02:00:00,1,68800.8,69114.7,2.5531305913643036e-05,0.008014276926292401,0.001760581410366518,0.006253695515925883
2026-04-06 02:45:00,2026-04-06 03:00:00,1,69208.8,69125.2,2.594330405093099e-05,-0.002168860218657982,0.0017944205112907436,-0.003963280729948725
2026-04-06 06:00:00,2026-04-06 06:15:00,-1,69309.3,68849.0,2.8412031964292387e-05,0.013078058313163868,0.001962679017866149,0.011115379295297718
2026-04-06 09:00:00,2026-04-06 09:15:00,1,69631.9,69932.9,2.5118903605749174e-05,0.007560789985330501,0.0017528573789778311,0.00580793260635267
2026-04-06 09:45:00,2026-04-06 10:00:00,-1,69726.6,69816.7,2.750634380099492e-05,-0.002478321576469402,0.0019191629924626872,-0.004397484568932089
2026-04-06 16:30:00,2026-04-06 16:45:00,-1,70123.3,69792.4,2.565619963588299e-05,0.008489636459513904,0.0017948525656971569,0.006694783893816747
2026-04-06 17:00:00,2026-04-06 17:15:00,1,69337.0,69544.0,2.845057843638327e-05,0.005889269736331337,0.0019756223919116726,0.003913647344419664
2026-04-06 19:00:00,2026-04-06 19:15:00,1,69727.8,69858.3,2.5398218891494682e-05,0.0033144675653400558,0.001772619161005033,0.0015418484043350227
2026-04-06 22:30:00,2026-04-06 22:45:00,-1,69242.0,68817.9,2.5474880076869393e-05,0.010803896640600458,0.0017585296979622904,0.009045366942638168
2026-04-06 22:45:00,2026-04-06 23:00:00,-1,68817.9,68599.2,2.8703112305489672e-05,0.006277370661210507,0.0019721492269973526,0.004305221434213155
2026-04-06 23:15:00,2026-04-06 23:30:00,1,68528.2,68791.5,2.8835761805885987e-05,0.007592456083489864,0.001979859080227861,0.005612597003262004
2026-04-07 00:30:00,2026-04-07 00:45:00,1,68797.0,68776.8,2.4882557771776455e-05,-0.000502627666989812,0.00171159401319141,-0.002214221680181222
2026-04-07 19:45:00,2026-04-07 20:00:00,1,69012.9,69436.0,2.7577435127096396e-05,0.011668012802274646,0.0019090327790839282,0.009758980023190717
2026-04-07 20:45:00,2026-04-07 21:00:00,1,69320.5,69985.2,2.854034774920038e-05,0.01897076914889341,0.001987916560722892,0.01698285258817052
2026-04-07 21:00:00,2026-04-07 21:15:00,-1,69985.2,69581.1,2.8312958877224268e-05,0.011441266682286079,0.0019757674562731727,0.009465499226012905
2026-04-07 21:15:00,2026-04-07 21:30:00,1,69581.1,69903.3,2.8501875932904162e-05,0.009183304425581637,0.0019877835316877888,0.007195520893893848
2026-04-07 21:45:00,2026-04-07 22:00:00,1,69915.9,70280.2,2.8383916580290022e-05,0.010340260810199738,0.001989657203640999,0.008350603606558739
2026-04-07 22:00:00,2026-04-07 22:30:00,1,70280.2,70764.5,2.8258174875499497e-05,0.013685434092204489,0.001992832898931182,0.011692601193273307
2026-04-07 22:30:00,2026-04-07 22:45:00,1,70764.5,71509.8,2.809452267874243e-05,0.020938847752466815,0.001998564273976102,0.01894028347849071
2026-04-07 22:45:00,2026-04-07 23:15:00,1,71509.8,72748.9,2.784938709276207e-05,0.03450817554664124,0.002008758188899318,0.03249941735774192
2026-04-07 23:15:00,2026-04-07 23:30:00,-1,72748.9,71992.5,2.7455452883141752e-05,0.02076730456080826,0.001986970343969987,0.018780334216838276
2026-04-07 23:30:00,2026-04-07 23:45:00,-1,71992.5,71924.5,2.7790873443892374e-05,0.0018897793941846815,0.0019997895667123295,-0.000110010172527648
2026-04-08 00:00:00,2026-04-08 00:45:00,-1,71955.2,71702.6,2.7805004427454404e-05,0.007023544118374739,0.0019972028825191797,0.005026341235855559
2026-04-08 01:30:00,2026-04-08 02:00:00,1,71474.5,71719.2,2.8004664544709244e-05,0.006852741414090271,0.002005045766707866,0.004847695647382405
2026-04-08 02:00:00,2026-04-08 02:15:00,-1,71719.2,71464.5,2.477739103401669e-05,0.006310801496363979,0.0017738592622986678,0.004536942234065311
2026-04-08 03:00:00,2026-04-08 03:15:00,1,71293.5,71477.1,2.6649781878507473e-05,0.004892899952894127,0.0019024026743318196,0.0029904972785623077
2026-04-08 03:45:00,2026-04-08 04:15:00,1,71292.3,71572.9,2.7889265538590438e-05,0.007825727910128233,0.0019922027495119154,0.005833525160616317
2026-04-08 13:00:00,2026-04-08 13:30:00,-1,72630.7,71680.6,2.7603987774570996e-05,0.026226548784619663,0.0019917836804662237,0.02423476510415344
2026-04-08 13:45:00,2026-04-08 14:00:00,-1,71604.6,71508.0,2.7052213806570967e-05,0.002613243853714913,0.0019357563268071344,0.0006774875269077785
2026-04-08 14:45:00,2026-04-08 15:00:00,1,70900.1,71105.8,2.834102011608058e-05,0.005829747837877693,0.0020122960342510636,0.0038174518036266296
2026-04-08 15:15:00,2026-04-08 15:45:00,1,71169.5,71310.1,2.4546516296649685e-05,0.0034512401913090887,0.0017486889116700643,0.0017025512796390245
2026-04-08 22:00:00,2026-04-08 22:15:00,-1,71457.7,71162.2,2.512924052519897e-05,0.0074256905751962955,0.0017919648853899123,0.005633725689806383
2026-04-09 09:45:00,2026-04-09 10:00:00,-1,71531.7,71373.0,2.5136896472129635e-05,0.0039892254701269,0.0017960903246403718,0.002193135145486528
2026-04-09 15:15:00,2026-04-09 15:30:00,1,71348.4,72076.2,2.81966182260214e-05,0.020521498744898458,0.0020220443452099142,0.018499454399688545
2026-04-09 15:45:00,2026-04-09 16:00:00,1,72144.8,72172.3,2.42209238084137e-05,0.0006660754047313768,0.0017477467416756106,-0.0010816713369442338
2026-04-09 16:00:00,2026-04-09 16:30:00,-1,72172.3,71966.8,2.791817354842175e-05,0.0057371846642006695,0.002012050204456659,0.0037251344597440104
2026-04-09 16:45:00,2026-04-09 17:00:00,1,72086.0,72486.5,2.5956429359103393e-05,0.01039554995832091,0.0018762929417594876,0.008519257016561421
2026-04-09 17:00:00,2026-04-09 18:00:00,-1,72486.5,71893.4,2.413752329323616e-05,0.014315965065218506,0.0017424865996625537,0.012573478465555952
2026-04-09 18:45:00,2026-04-09 19:00:00,1,71883.5,72035.7,2.5177676223738985e-05,0.0038320423212530002,0.0018117755099897677,0.0020202668112632325
2026-04-09 22:15:00,2026-04-09 22:30:00,-1,72627.7,72325.2,2.453882615332001e-05,0.007422994911379303,0.0017784870067597902,0.005644507904619513
2026-04-09 22:45:00,2026-04-09 23:00:00,-1,71940.0,71789.4,2.4784691978853743e-05,0.003732574612015518,0.0017811444536527305,0.0019514301583627874
2026-04-10 07:45:00,2026-04-10 08:00:00,1,71487.8,71608.0,2.6483173552377267e-05,0.0031832774609956704,0.0018948154530081336,0.0012884620079875368
2026-04-10 15:00:00,2026-04-10 15:15:00,-1,73026.8,72799.8,2.540086974150505e-05,0.005765997431321646,0.0018520612357232804,0.003913936195598365
2026-04-10 15:45:00,2026-04-10 16:00:00,1,72453.9,72702.3,2.7908136924752208e-05,0.006932381212108692,0.0020255195525383583,0.004906861659570334
2026-04-10 18:45:00,2026-04-10 19:00:00,1,73109.7,73176.5,2.551586860675655e-05,0.0017044600229314119,0.001866309729090855,-0.00016184970615944314
2026-04-10 22:00:00,2026-04-10 22:15:00,-1,73162.4,73020.5,2.3975363722749002e-05,0.003402104112257944,0.0017523940987731225,0.0016497100134848213
2026-04-10 22:45:00,2026-04-10 23:00:00,-1,72871.9,72884.6,2.4915206745089535e-05,-0.00031642312566292714,0.0018157766659703217,-0.002132199791633249
2026-04-11 01:00:00,2026-04-11 01:15:00,-1,72814.8,72847.8,2.410666175202871e-05,-0.0007955198378169474,0.0017557195140605287,-0.0025512393518774762
2026-04-11 13:00:00,2026-04-11 13:15:00,1,72605.3,72609.9,2.6059042034350283e-05,0.00011987159335778378,0.0018920845004132916,-0.0017722129070555077
2026-04-11 16:30:00,2026-04-11 16:45:00,-1,73105.5,73038.4,2.487530374190566e-05,0.0016691328810820145,0.0018176869512633435,-0.00014855407018132902
2026-04-11 22:00:00,2026-04-11 22:30:00,-1,73493.0,73334.0,2.4514570263624804e-05,0.003897816671916344,0.0017997004040486196,0.0020981162678677242
2026-04-11 22:45:00,2026-04-11 23:00:00,-1,73374.9,73047.4,2.646353296684173e-05,0.008666807046640666,0.0019374256815653946,0.006729381365075271
2026-04-12 01:00:00,2026-04-12 01:30:00,-1,73078.8,71711.3,2.7690720213776632e-05,0.037867059892339544,0.0020046710744123703,0.03586238881792717
2026-04-12 01:30:00,2026-04-12 01:45:00,-1,71711.3,71648.8,2.83087858447102e-05,0.0017692991152943875,0.0020291751847881195,-0.000259876069493732
2026-04-12 01:45:00,2026-04-12 02:00:00,1,71648.8,71795.7,2.8332827020874847e-05,0.00416209228936635,0.002032094102797941,0.0021299981865684093
2026-04-12 02:30:00,2026-04-12 02:45:00,-1,71893.6,71773.8,2.8241685717878085e-05,0.0033833539490018766,0.0020287047793523393,0.0013546491696495373
2026-04-12 05:15:00,2026-04-12 05:30:00,1,71675.8,71652.4,2.6045453023608128e-05,-0.0006094636007526576,0.0018665239500291553,-0.0024759875507818128
2026-04-12 22:15:00,2026-04-12 22:30:00,1,70659.1,70811.1,2.87322456048582e-05,0.004367301331938446,0.0020323782660842055,0.0023349230658542405
2026-04-13 01:15:00,2026-04-13 01:30:00,1,71100.9,71149.8,2.4979362401873975e-05,0.0012214908214518555,0.0017766658936101273,-0.0005551750721582717
2026-04-13 09:45:00,2026-04-13 10:00:00,-1,70794.4,70817.5,2.868185859414165e-05,-0.0006625509335248391,0.002030846245523864,-0.002693397179048703
2026-04-13 13:30:00,2026-04-13 13:45:00,1,71036.6,71663.3,2.8577242696931902e-05,0.01790935799816714,0.0020389848375639563,0.015870373160603184
2026-04-13 14:15:00,2026-04-13 14:30:00,1,71647.5,71983.9,2.8373450933162793e-05,0.009544828893915799,0.002037659240180739,0.00750716965373506
2026-04-13 14:45:00,2026-04-13 15:00:00,-1,72405.8,71958.4,2.8094960849427166e-05,0.01256968548403396,0.0020279532735294364,0.010541732210504523
2026-04-13 15:00:00,2026-04-13 15:15:00,-1,71958.4,71963.0,2.829601030691822e-05,-0.00013016164741198852,0.00203620070889305,-0.0021663623563050382
2026-04-13 19:15:00,2026-04-13 19:30:00,1,72857.6,73017.5,2.7941432092811305e-05,0.004467834991640365,0.002037979600341029,0.0024298553912993357
2026-04-13 19:45:00,2026-04-13 20:00:00,-1,73324.6,73065.0,2.529364596827059e-05,0.0065662304933631925,0.0018513633579183724,0.00471486713544482
2026-04-13 22:00:00,2026-04-13 22:15:00,1,73755.2,74123.5,2.7618821898659658e-05,0.010172012105276433,0.002042117738952661,0.008129894366323772
2026-04-13 22:15:00,2026-04-13 22:45:00,1,74123.5,74615.1,2.750133377250077e-05,0.013519655682561539,0.002045254941727242,0.011474400740834296
2026-04-13 23:00:00,2026-04-13 23:15:00,1,74655.0,74727.0,2.733320616193572e-05,0.0019679908436593717,0.002041544501441141,-7.355365778176923e-05
2026-04-13 23:30:00,2026-04-14 00:15:00,-1,74555.8,74256.0,2.7369396698324077e-05,0.008205345130157637,0.0020364445937958316,0.006168900536361805
2026-04-14 13:30:00,2026-04-14 13:45:00,1,75198.9,75527.2,2.7150100180420938e-05,0.008913377889232273,0.002046114357402072,0.006867263531830202
2026-04-14 13:45:00,2026-04-14 14:00:00,-1,75527.2,75577.9,2.7048451099646023e-05,-0.0013713564707519747,0.002043579454128561,-0.003414935924880536
2026-04-14 14:15:00,2026-04-14 14:30:00,-1,75852.6,75378.7,2.6924312250690245e-05,0.012759431575602342,0.002035899371638906,0.010723532203963436
2026-04-14 14:30:00,2026-04-14 14:45:00,-1,75378.7,75022.5,2.7119190477196084e-05,0.009659855647977167,0.0020393793953994315,0.007620476252577736
2026-04-14 15:00:00,2026-04-14 15:30:00,1,74752.0,75298.8,2.7364900055501982e-05,0.014963127350348564,0.0020530625726240584,0.012910064777724505
2026-04-14 15:45:00,2026-04-14 16:00:00,1,75332.4,75498.5,2.627636759869215e-05,0.0043645046581429195,0.0019816440868207883,0.002382860571322131
2026-04-14 16:30:00,2026-04-14 16:45:00,-1,75219.2,74665.4,2.3636366964449427e-05,0.013089820024912161,0.001771363703959858,0.011318456320952304
2026-04-14 16:45:00,2026-04-14 17:00:00,1,74665.4,74788.3,2.746079251767866e-05,0.0033749314004229473,0.002052058523349696,0.0013228728770732514
2026-04-14 18:45:00,2026-04-14 19:00:00,1,74096.3,74271.2,2.7674919999613438e-05,0.004840343507932229,0.0020530293465213234,0.0027873141614109054
2026-04-14 20:45:00,2026-04-14 21:00:00,1,74107.2,74216.5,2.7193888752543916e-05,0.002972292040653129,0.0020167490985828493,0.0009555429420702796
2026-04-14 22:00:00,2026-04-14 22:15:00,-1,74322.7,73914.7,2.4342999550317873e-05,0.009931943816529691,0.0018042714807701454,0.008127672335759546
2026-04-15 13:30:00,2026-04-15 13:45:00,1,73872.8,74063.4,2.4564421735524596e-05,0.004681978782790774,0.0018169836033754567,0.002864995179415317
2026-04-15 15:15:00,2026-04-15 16:00:00,1,74028.6,74012.5,2.67543318199621e-05,-0.00043074474230154553,0.0019803703561960956,-0.002411115098497641
2026-04-15 18:00:00,2026-04-15 18:15:00,-1,74281.8,74198.4,2.6941950031481806e-05,0.002246958632625818,0.0020001730645322125,0.0002467855680936054
2026-04-15 19:30:00,2026-04-15 20:00:00,-1,75067.0,74672.2,2.5612097206814326e-05,0.01011165597725037,0.0019175674730353058,0.008194088504215064
2026-04-15 22:30:00,2026-04-15 23:00:00,-1,75060.8,74747.0,2.7369105122966997e-05,0.008588425187587123,0.002050052713220208,0.006538372474366915
2026-04-16 13:30:00,2026-04-16 13:45:00,-1,74604.8,73782.9,2.755216598475416e-05,0.022645125222869683,0.0020442012702479523,0.02060092395262173
2026-04-16 14:15:00,2026-04-16 14:30:00,1,73785.5,73973.1,2.7908355966563335e-05,0.005235607579327444,0.0020618498029605224,0.003173757776366922
2026-04-16 14:45:00,2026-04-16 15:00:00,1,73973.2,74305.5,2.7845263900582985e-05,0.009252981194163807,0.002064429766167687,0.00718855142799612
2026-04-16 15:00:00,2026-04-16 15:15:00,-1,74305.5,74194.6,2.6747487341226852e-05,0.0029662963461419022,0.001986002272460461,0.0009802940736814412
2026-04-16 15:15:00,2026-04-16 15:30:00,1,74194.6,74559.8,2.778199043813036e-05,0.010145982908005126,0.00206634665921491,0.008079636248790215
2026-04-16 17:00:00,2026-04-16 17:15:00,1,73954.7,74213.6,2.789177702412003e-05,0.0072211810715449186,0.002066338592821462,0.0051548424787234565
2026-04-16 18:45:00,2026-04-16 19:00:00,-1,75025.1,74818.4,2.5327712539214358e-05,0.005235238181855902,0.0018975965469348835,0.003337641634921019
2026-04-16 20:00:00,2026-04-16 20:15:00,-1,75411.1,75180.3,2.7373379375531526e-05,0.006317775959872755,0.0020610977614462095,0.004256678198426546
2026-04-17 08:30:00,2026-04-17 08:45:00,1,75341.4,75768.0,2.7408872830898584e-05,0.011692625149661495,0.0020708691640766927,0.009621755985584802
2026-04-17 09:00:00,2026-04-17 09:15:00,1,75907.2,76287.1,2.5618740960489546e-05,0.009732559690890203,0.0019495131736815172,0.007783046517208686
2026-04-17 09:15:00,2026-04-17 09:30:00,-1,76287.1,75743.8,2.7110163002032654e-05,0.01472895155900442,0.002060791240172863,0.012668160318831556
2026-04-17 09:45:00,2026-04-17 10:15:00,-1,75778.7,75228.2,2.7322136494948513e-05,0.015040836140469156,0.0020629155667395206,0.012977920573729635
2026-04-17 10:45:00,2026-04-17 11:00:00,1,75274.4,75324.2,2.438525782211168e-05,0.0012143858395412327,0.0018361928443245338,-0.0006218070047833012
2026-04-17 11:30:00,2026-04-17 11:45:00,1,75388.3,75589.4,2.3809097831288557e-05,0.004788009573871921,0.0017973214148214673,0.0029906881590504534
2026-04-17 12:45:00,2026-04-17 13:00:00,1,76234.4,76921.7,2.7195051172709367e-05,0.018691158671003228,0.0020825439884562965,0.016608614682546933
2026-04-17 13:00:00,2026-04-17 13:15:00,-1,76921.7,76592.1,2.699092661451389e-05,0.008896209412143542,0.002071739855057581,0.00682446955708596
2026-04-17 13:15:00,2026-04-17 13:45:00,1,76592.1,77330.7,2.7123115364168472e-05,0.020033133007974598,0.0020874329307879157,0.017945700077186683
2026-04-17 13:45:00,2026-04-17 14:00:00,-1,77330.7,77086.6,2.396818168035531e-05,0.005850633148174522,0.0018505509504949651,0.004000082197679557
2026-04-17 14:00:00,2026-04-17 14:15:00,1,77086.6,77452.7,2.700036848289332e-05,0.009884834901587009,0.0020863090225441976,0.007798525879042811
2026-04-17 14:15:00,2026-04-17 14:30:00,1,77452.7,77980.0,2.6890868100810324e-05,0.014179554749557361,0.002089860117126411,0.01208969463243095
2026-04-17 15:00:00,2026-04-17 15:30:00,-1,77827.9,77520.9,2.5746397832558093e-05,0.007904144134595335,0.00199983600380525,0.005904308130790085
2026-04-17 15:45:00,2026-04-17 16:00:00,-1,77774.0,77863.3,2.5324089795416477e-05,-0.002261441218730765,0.0019706864803580868,-0.0042321276990888515
2026-04-17 17:00:00,2026-04-17 17:15:00,-1,77503.8,77249.4,2.4948735118832996e-05,0.006346958214231332,0.0019304482977958932,0.004416509916435439
2026-04-17 17:15:00,2026-04-17 17:30:00,1,77249.4,77454.0,2.7003995487966693e-05,0.005525017476838143,0.0020888049577865533,0.0034362125190515896
2026-04-17 17:45:00,2026-04-17 18:00:00,-1,77523.3,77155.3,2.3340863790752915e-05,0.008589437874997073,0.001805166066972177,0.006784271808024897
2026-04-17 18:45:00,2026-04-17 19:00:00,1,77168.4,77236.5,2.5181199611626082e-05,0.0017148396935518827,0.001944050303956582,-0.00022921061040469932
2026-04-17 22:00:00,2026-04-17 22:15:00,-1,77425.3,77395.7,2.374418127423776e-05,0.0007028277657175759,0.001838048944529382,-0.0011352211788118061
2026-04-17 22:30:00,2026-04-17 22:45:00,-1,77423.1,77308.0,2.3739285143585444e-05,0.0027323917200268227,0.001836602851740317,0.0008957888682865056
2026-04-18 11:00:00,2026-04-18 11:15:00,1,75963.7,76082.4,2.5332683617417544e-05,0.0030069895453873887,0.0019258678732811147,0.001081121672106274
2026-04-18 11:30:00,2026-04-18 11:45:00,1,75856.6,76048.0,2.7525520289628318e-05,0.0052683845834347,0.0020906265746939373,0.0031777580087407626
2026-04-18 22:45:00,2026-04-18 23:00:00,-1,75816.5,75824.9,2.4224204163113296e-05,-0.00020348331497001067,0.001836696116590164,-0.002040179431560175
2026-04-18 23:45:00,2026-04-19 00:00:00,-1,75697.7,75769.2,2.4352687440064573e-05,-0.0017412171519646169,0.0018443130366077583,-0.003585530188572375
2026-04-19 07:15:00,2026-04-19 07:30:00,1,74983.1,75186.4,2.7241641070153504e-05,0.00553822562956189,0.002045431809342208,0.0034927938202196822
2026-04-19 17:45:00,2026-04-19 18:00:00,1,74784.1,74838.5,2.792278644791885e-05,0.001518999582766623,0.0020889399537911916,-0.0005699403710245686
2026-04-19 22:30:00,2026-04-19 23:15:00,-1,74142.5,73887.1,2.8163035569788232e-05,0.00719283928452375,0.002084481445090762,0.005108357839432988
2026-04-20 00:00:00,2026-04-20 00:15:00,1,74048.6,74235.6,2.821116630353743e-05,0.005275488098761499,0.002091635113193503,0.003183852985567996
2026-04-20 00:30:00,2026-04-20 00:45:00,1,74182.5,74282.4,2.464854615225468e-05,0.002462389760610099,0.001829721969819938,0.000632667790790161
2026-04-20 01:15:00,2026-04-20 01:30:00,1,74298.7,74688.4,2.6080464473664985e-05,0.010163557005387168,0.0019428263842921863,0.008220730621094982
2026-04-20 07:15:00,2026-04-20 07:30:00,-1,75220.4,74947.2,2.7423206094122845e-05,0.0074920199049142815,0.0020590385217299006,0.005432981383184381
2026-04-20 10:45:00,2026-04-20 11:00:00,1,75026.8,75164.9,2.5566163279419843e-05,0.003530687148887657,0.0019199127627068206,0.0016107743861808366
2026-04-20 15:00:00,2026-04-20 15:15:00,1,75067.7,75758.4,2.7873931803347507e-05,0.019252524696572043,0.0021020582127824357,0.01715046648378961
2026-04-20 15:15:00,2026-04-20 15:30:00,-1,75758.4,75576.1,2.7660550307308914e-05,0.005042518321022093,0.0020929977752407207,0.002949520545781372
2026-04-20 22:00:00,2026-04-20 22:15:00,-1,76065.7,75925.9,2.514178281689995e-05,0.0035148212378026864,0.0019106698985965653,0.0016041513392061211
2026-04-20 22:45:00,2026-04-20 23:00:00,-1,75972.7,75762.3,2.4648026643864837e-05,0.005185944805869018,0.0018699841614034157,0.003315960644465602
2026-04-21 14:30:00,2026-04-21 14:45:00,-1,76466.7,75681.3,2.7422859470286193e-05,0.021537913827962617,0.002086166611342552,0.019451747216620064
2026-04-21 14:45:00,2026-04-21 15:00:00,1,75681.3,75762.1,2.77537103981502e-05,0.002242499800170617,0.00210155813265561,0.00014094166751500714
2026-04-21 15:15:00,2026-04-21 15:45:00,1,75688.6,75828.1,2.7751368796036355e-05,0.0038713159470470716,0.0021023979102292012,0.0017689180368178703
2026-04-21 17:15:00,2026-04-21 17:30:00,1,75327.0,75762.0,2.7888813539664462e-05,0.01213163388975404,0.002106846474447182,0.010024787415306859
2026-04-21 17:30:00,2026-04-21 17:45:00,-1,75762.0,75543.5,2.576568627418035e-05,0.005629802450908407,0.0019492450222789977,0.003680557428629409
2026-04-21 19:30:00,2026-04-21 20:00:00,1,74864.0,75587.4,2.809424582675536e-05,0.020323377431074666,0.002113409308289751,0.018209968122784914
2026-04-21 22:15:00,2026-04-21 22:30:00,1,75362.0,75534.8,2.5577661503355394e-05,0.004419819907779886,0.0019297936361697592,0.002490026271610127
2026-04-21 23:15:00,2026-04-21 23:30:00,1,75786.6,76092.5,2.780140049250401e-05,0.008504448410656814,0.0021112258427705326,0.006393222567886281
2026-04-22 00:00:00,2026-04-22 00:15:00,-1,76415.1,76271.6,2.396614482836487e-05,0.003439141782870359,0.0018296557827825492,0.0016094860000878098
2026-04-22 02:15:00,2026-04-22 02:45:00,1,77229.8,77599.1,2.7300525264955235e-05,0.010082083980348048,0.0021134551480976142,0.007968628832250434
2026-04-22 03:30:00,2026-04-22 03:45:00,1,77577.2,77522.4,2.3484606177730835e-05,-0.0012869564185397182,0.0018212265121617906,-0.003108182930701509
2026-04-22 05:00:00,2026-04-22 05:15:00,1,77550.1,78258.0,2.719904921295677e-05,0.019254206937851938,0.002118916089838645,0.017135290848013292
2026-04-22 13:45:00,2026-04-22 14:00:00,-1,78835.3,79080.9,2.4393885129909497e-05,-0.005991138187905559,0.0019260948214759068,-0.007917233009381465
2026-04-22 14:00:00,2026-04-22 14:30:00,-1,79080.9,78684.2,2.669352823223652e-05,0.01058932264972815,0.0021056535754558087,0.008483669074272341
2026-04-22 22:45:00,2026-04-22 23:00:00,-1,78621.7,78567.7,2.540890492121356e-05,0.0013720808657455323,0.0019970052596113034,-0.0006249243938657712
2026-04-23 00:00:00,2026-04-23 00:15:00,1,77903.5,78451.5,2.7115120768940364e-05,0.01485908618137932,0.0021197923539138354,0.012739293827465484
2026-04-23 00:45:00,2026-04-23 01:00:00,-1,78426.7,78263.9,2.3670413793447747e-05,0.003853543365573362,0.0018544656697718018,0.00199907769580156
2026-04-23 09:45:00,2026-04-23 10:00:00,-1,77658.3,77223.0,2.7234895918367174e-05,0.01185535019326531,0.002109088042600701,0.00974626215066461
2026-04-23 14:45:00,2026-04-23 15:00:00,-1,78184.5,78111.6,2.39637047726412e-05,0.001746954077925404,0.0018727167987576032,-0.00012576272083219923
2026-04-23 17:30:00,2026-04-23 17:45:00,1,77192.3,77775.3,2.7421742940613293e-05,0.01598687613437755,0.0021247408456618925,0.013862135288715658
2026-04-23 18:00:00,2026-04-23 18:15:00,-1,77972.2,77914.5,2.401647585696341e-05,0.0013857506569467189,0.001871924583485849,-0.00048617392653913004
2026-04-23 19:00:00,2026-04-23 19:15:00,1,77701.1,77862.3,2.5559079636529888e-05,0.004120123637408543,0.001988028664564677,0.0021320949728438664
2026-04-23 19:30:00,2026-04-23 19:45:00,1,77653.0,77708.1,2.5307160858341028e-05,0.001394424563294738,0.0019658741744144033,-0.0005714496111196654
2026-04-23 22:45:00,2026-04-23 23:00:00,-1,78238.0,78095.3,2.3761757292629608e-05,0.003390802765658176,0.001857376965677926,0.0015334257999802497
2026-04-24 09:45:00,2026-04-24 10:00:00,-1,77533.3,77513.5,2.4796646016613147e-05,0.0004909735911290125,0.0019223203078043076,-0.001431346716675295
2026-04-24 14:15:00,2026-04-24 14:30:00,1,77699.1,77988.3,2.414391473819668e-05,0.00698242014228641,0.001879451655705761,0.005102968486580648
2026-04-24 15:00:00,2026-04-24 15:30:00,1,77726.1,77979.9,2.5416479938340635e-05,0.006450702608350557,0.0019787492126396335,0.004471953395710924
2026-04-25 15:45:00,2026-04-25 16:00:00,1,77332.5,77447.1,2.7429319587221583e-05,0.003143400024695753,0.002122749556991161,0.0010206504677045922
2026-04-25 22:30:00,2026-04-25 23:15:00,-1,77587.4,77577.5,2.4290283453165853e-05,0.00024047380618620056,0.001884499701491067,-0.0016440258953048664
2026-04-25 23:30:00,2026-04-26 00:00:00,-1,77595.3,77546.9,2.54327828805544e-05,0.001230946691419055,0.0019728489441057737,-0.0007419022526867188
2026-04-26 19:15:00,2026-04-26 19:30:00,1,78194.0,78179.3,2.6223257335988577e-05,-0.00038548188283895577,0.0020503086431888713,-0.002435790526027827
2026-04-26 21:30:00,2026-04-26 21:45:00,1,77991.4,78417.9,2.7188813955149885e-05,0.011596029151871426,0.0021262916792776122,0.009469737472593814
2026-04-26 22:30:00,2026-04-26 22:45:00,1,78277.8,78313.3,2.392040269947572e-05,0.000849174295831388,0.0018728610855769361,-0.0010236867897455483
2026-04-26 23:00:00,2026-04-26 23:15:00,-1,78355.2,78139.4,2.376947104036144e-05,0.005129451850510068,0.0018598969313364734,0.0032695549191735945
2026-04-27 00:30:00,2026-04-27 00:45:00,1,78806.4,79306.0,2.6934392050773044e-05,0.01345642226856637,0.002129330684844324,0.011327091583722046
2026-04-27 01:15:00,2026-04-27 01:45:00,1,78904.8,79276.8,2.6926642614835987e-05,0.010016711052718986,0.0021296497057214704,0.007887061346997517
2026-04-27 05:00:00,2026-04-27 05:15:00,-1,78397.0,77858.9,2.7119162993961124e-05,0.01459282160705064,0.0021187646104340453,0.012474056996616594
2026-04-27 05:15:00,2026-04-27 05:45:00,-1,77858.9,77787.9,2.4603181905216813e-05,0.0017468259152703938,0.00191470326668245,-0.00016787735141205623
2026-04-27 09:45:00,2026-04-27 10:00:00,-1,77906.4,77820.3,2.73183735042783e-05,0.002352111958718123,0.0021271000775943474,0.00022501188112377573
2026-04-27 14:30:00,2026-04-27 14:45:00,-1,78186.1,77806.1,2.4062978050539362e-05,0.009143931659204957,0.0018768184423276733,0.007267113216877284
2026-04-27 14:45:00,2026-04-27 15:00:00,-1,77806.1,77388.6,2.7370922281046687e-05,0.011427360052336992,0.002123911036065178,0.009303449016271814
2026-04-27 15:15:00,2026-04-27 15:30:00,1,76855.3,77055.9,2.7731325450740233e-05,0.005562903885418248,0.002134080788856985,0.0034288230965612634
2026-04-27 15:45:00,2026-04-27 16:00:00,1,76806.1,76784.1,2.5336133700432865e-05,-0.000557394941409523,0.001945690921138112,-0.0025030858625476353
2026-04-27 19:15:00,2026-04-27 19:30:00,1,76620.8,76782.7,2.4593623634804286e-05,0.003981707666474671,0.0018863739716308498,0.002095333694843821
2026-04-28 02:30:00,2026-04-28 02:45:00,1,76708.1,76896.3,2.5262872002387005e-05,0.004754472510849161,0.0019402441481017273,0.0028142283627474334
2026-04-28 06:30:00,2026-04-28 06:45:00,1,76605.3,76705.8,2.6797886719373106e-05,0.002693187615296997,0.002054206745311241,0.0006389808699857561
2026-04-29 04:15:00,2026-04-29 04:30:00,1,77040.9,77313.8,2.7041605001630477e-05,0.007379654004945193,0.0020869994137725856,0.005292654591172607
2026-04-29 09:30:00,2026-04-29 09:45:00,1,77256.7,77640.8,2.4585100787833983e-05,0.009443137212607176,0.0019040853246417573,0.007539051887965418
2026-04-29 13:00:00,2026-04-29 13:30:00,-1,77181.4,76574.0,2.6866333257454473e-05,0.01631861082057769,0.0020654219082666073,0.014253188912311083
2026-04-29 13:45:00,2026-04-29 14:00:00,-1,76789.0,76590.2,2.6896346036518644e-05,0.005346993592059985,0.0020626700190022004,0.0032843235730577844
2026-04-29 14:45:00,2026-04-29 15:00:00,-1,76564.6,76244.4,2.7659750504356745e-05,0.008856652111495352,0.002113329407410125,0.006743322704085227
2026-04-29 15:00:00,2026-04-29 15:15:00,1,76244.4,76232.5,2.6331953613781757e-05,-0.00031335024800384966,0.0020075073289866196,-0.0023208575769904692
2026-04-29 15:30:00,2026-04-29 15:45:00,1,75982.6,75916.0,2.8147591823389178e-05,-0.001874629615437883,0.0021377898956721317,-0.004012419511110015
2026-04-29 16:15:00,2026-04-29 16:30:00,1,75842.6,75884.3,2.5036605097353553e-05,0.0010440264325595702,0.0018993632389728266,-0.0008553368064132564
2026-04-29 17:45:00,2026-04-29 18:00:00,-1,76184.8,75197.4,2.806138513644056e-05,0.027707811683721655,0.0021239971085008362,0.02558381457522082
2026-04-29 18:00:00,2026-04-29 18:15:00,-1,75197.4,75152.7,2.7109726483913836e-05,0.0012118047738308695,0.002037975043914547,-0.0008261702700836774
2026-04-29 18:15:00,2026-04-29 18:45:00,1,75152.7,75515.7,2.8506060199003112e-05,0.01034769985223813,0.0021474812402437404,0.008200218611994388
2026-04-29 19:30:00,2026-04-29 19:45:00,1,75434.4,75561.9,2.785490273386391e-05,0.0035515000985676484,0.0021029936248366673,0.001448506473730981
2026-04-29 22:00:00,2026-04-29 22:15:00,-1,75965.8,75837.8,2.7028678760438686e-05,0.003459670881336152,0.002051525369539065,0.0014081455117970869
2026-04-30 13:30:00,2026-04-30 13:45:00,-1,76637.4,76412.1,2.4368265319197925e-05,0.005490170176415008,0.0018647754114852915,0.003625394764929717
2026-05-01 14:00:00,2026-05-01 14:15:00,-1,78683.4,78274.7,2.571774785931226e-05,0.010510843550100846,0.0020183044201383597,0.008492539129962486
2026-05-01 15:45:00,2026-05-01 16:00:00,1,78445.5,78386.6,2.370386398196101e-05,-0.0013961575885373656,0.001858763383202654,-0.0032549209717400197
2026-05-01 22:45:00,2026-05-01 23:00:00,-1,78148.7,78126.0,2.434184599910835e-05,0.0005525599041796887,0.001902007340478429,-0.0013494474362987403
2026-05-02 22:45:00,2026-05-02 23:00:00,-1,78828.1,78734.7,2.6098431454278615e-05,0.0024375934978298507,0.002056070967772105,0.00038152253005774555
2026-05-02 23:15:00,2026-05-03 00:00:00,-1,78798.2,78567.1,2.560048965810977e-05,0.0059162731599889445,0.0020143143675976707,0.0039019587923912738
2026-05-03 21:45:00,2026-05-03 22:00:00,1,78826.3,79257.1,2.5365386485543298e-05,0.010927408497972127,0.002004923268974368,0.008922485228997759
2026-05-03 22:30:00,2026-05-03 23:15:00,-1,79263.7,78644.8,2.3584839920760174e-05,0.014596657426958334,0.001862123347313679,0.012734534079644654
2026-05-03 23:30:00,2026-05-04 00:00:00,-1,78594.8,78508.3,2.521695022051951e-05,0.002181266194074938,0.0019808305260946494,0.00020043566798028838
2026-05-04 00:15:00,2026-05-04 01:15:00,1,78372.1,78602.5,2.5783775462500074e-05,0.005940581866559867,0.0020236989198578817,0.003916882946701985
2026-05-04 01:15:00,2026-05-04 01:45:00,1,78602.5,79763.6,2.7366311202277894e-05,0.031775023936965026,0.0021669479882455308,0.029608075948719496
2026-05-04 01:45:00,2026-05-04 02:00:00,1,79763.6,79930.2,2.7034761845601472e-05,0.004503991323476969,0.0021586419256095562,0.0023453493978674127
2026-05-04 02:15:00,2026-05-04 02:30:00,1,79702.5,80147.4,2.706078344894368e-05,0.012039342556434886,0.0021628317641176516,0.009876510792317234
2026-05-04 02:45:00,2026-05-04 03:00:00,1,80157.6,80369.7,2.692932254436324e-05,0.005711709311659208,0.0021614457194378805,0.003550263592221327
2026-05-04 03:30:00,2026-05-04 03:45:00,1,79990.7,80309.4,2.5483628842010673e-05,0.008121632511948727,0.0020425141258685977,0.006079118386080129
2026-05-04 06:00:00,2026-05-04 06:15:00,-1,79906.4,79696.2,2.679393460782107e-05,0.005632085054563911,0.0021381908138191114,0.0034938942407447995
2026-05-04 09:45:00,2026-05-04 10:00:00,-1,79834.9,78758.6,2.7067761774630884e-05,0.029133031998034905,0.0021463855385024616,0.026986646459532443
2026-05-04 10:00:00,2026-05-04 10:15:00,-1,78758.6,78510.4,2.7499341670169285e-05,0.006825336602536336,0.0021623969825629264,0.00466293961997341
2026-05-04 10:15:00,2026-05-04 10:30:00,1,78510.4,78937.5,2.7596967790200916e-05,0.011786664943194972,0.002172542312467387,0.009614122630727586
2026-05-04 10:45:00,2026-05-04 11:00:00,1,78938.6,79051.2,2.5716362097790695e-05,0.002895662372211008,0.002031461452278766,0.0008642009199322418
2026-05-04 11:30:00,2026-05-04 12:00:00,1,78750.0,78807.6,2.682565700048283e-05,0.0015451578432279672,0.0021132930677096365,-0.0005681352244816694
2026-05-04 13:45:00,2026-05-04 14:15:00,1,78791.0,79250.6,2.7521326216122426e-05,0.012648801528930028,0.002174757214658967,0.01047404431427106
2026-05-04 14:15:00,2026-05-04 14:45:00,1,79250.6,80204.1,2.738551054340372e-05,0.026112084303135448,0.002183374184022639,0.02392871011911281
2026-05-04 14:45:00,2026-05-04 15:15:00,-1,80204.1,79702.0,2.711364269024291e-05,0.013613759994771123,0.002167818429695126,0.011445941565075998
2026-05-04 15:45:00,2026-05-04 16:00:00,-1,80037.6,79724.2,2.5857463827984084e-05,0.008103729163690438,0.002065517482296814,0.006038211681393625
2026-05-04 16:00:00,2026-05-04 16:15:00,1,79724.2,80241.1,2.571028757336339e-05,0.013289647646671761,0.0020563769323796734,0.011233270714292087
2026-05-04 16:45:00,2026-05-04 17:00:00,1,80038.6,80380.0,2.7002406068465508e-05,0.009218621431773967,0.0021658440890673703,0.007052777342706597
2026-05-04 17:30:00,2026-05-04 17:45:00,1,80273.1,80386.4,2.3526963042105702e-05,0.002665604912670302,0.0018899150594315905,0.0007756898532387114
2026-05-04 22:00:00,2026-05-04 22:15:00,-1,80360.4,80268.3,2.417585650974519e-05,0.002226596384547321,0.0019416682012734535,0.0002849281832738675
2026-05-04 22:45:00,2026-05-04 23:00:00,-1,80070.6,79929.0,2.6003634494140393e-05,0.003682114644370431,0.0020802855588043325,0.0016018290855660984
2026-05-05 12:45:00,2026-05-05 13:00:00,1,81284.7,81634.6,2.6838300275563667e-05,0.009390721266419962,0.0021862385470423204,0.0072044827193776416
2026-05-05 13:00:00,2026-05-05 13:15:00,-1,81634.6,81467.0,2.6739152189128114e-05,0.004481481906898028,0.002180599252345149,0.0023008826545528787
2026-05-05 16:30:00,2026-05-05 16:45:00,1,81077.5,81294.4,2.4278221070279575e-05,0.005265946150143499,0.001971050441900664,0.003294895708242835
2026-05-06 11:15:00,2026-05-06 11:30:00,-1,82684.8,82494.7,2.4510038425796637e-05,0.004659358304744083,0.002024277946076938,0.002635080358667145
2026-05-06 13:45:00,2026-05-06 14:00:00,-1,81677.2,81465.4,2.4878820893647536e-05,0.0052693342652746205,0.002029397762761991,0.0032399365025126293
2026-05-06 14:30:00,2026-05-06 14:45:00,-1,81876.8,81522.2,2.4439244786978313e-05,0.008666156201462652,0.001996674079473735,0.006669482121988916
2026-05-06 15:30:00,2026-05-06 15:45:00,1,81622.7,81707.2,2.3457667646099345e-05,0.0019821729160953948,0.0019156692554353207,6.650366066007405e-05
2026-05-07 10:15:00,2026-05-07 10:30:00,1,80608.9,80887.0,2.6244211384794144e-05,0.007298515186111404,0.0021191662686887887,0.005179348917422616
2026-05-07 14:30:00,2026-05-07 14:45:00,1,80155.0,80175.7,2.7285253529847497e-05,0.0005648047480677638,0.00218733189905896,-0.001622527150991196
2026-05-07 15:15:00,2026-05-07 15:30:00,1,79852.2,79977.4,2.7385061924377135e-05,0.0034286097529319377,0.0021884717466742138,0.001240138006257724
2026-05-07 17:15:00,2026-05-07 17:30:00,1,79688.5,79880.9,2.3801529467705232e-05,0.0045794142695863484,0.0018989978881220216,0.002680416381464327
2026-05-08 13:00:00,2026-05-08 13:15:00,1,79680.1,79613.4,2.5061353775509904e-05,-0.0016715922968268022,0.0019960553788195934,-0.0036676476756463956
2026-05-08 13:30:00,2026-05-08 13:45:00,1,79594.6,79654.7,2.3980465741641113e-05,0.0014412259910724216,0.0019094361915151642,-0.00046821020044274264
2026-05-08 15:15:00,2026-05-08 15:30:00,1,79703.9,79967.3,2.7435529342602328e-05,0.0072265184288416925,0.002190331946384262,0.0050361864824574306
